Annotation Cluster 1	EnrichmentScore:4.026169464751104
Category	Term	Count	%	Pvalue	Genes	List Total	Pop Hits	Pop Total	Fold Enrichment	Bonferroni	Benjamini	FDR
UP_KW_BIOLOGICAL_PROCESS	KW-0131~Cell cycle	16	15.238095238095239	2.5688440136778036e-06	ENSG00000111859, ENSG00000080839, ENSG00000105810, ENSG00000118971, ENSG00000156876, ENSG00000170779, ENSG00000166582, ENSG00000138182, ENSG00000188486, ENSG00000119969, ENSG00000126249, ENSG00000166508, ENSG00000164109, ENSG00000142856, ENSG00000102981, ENSG00000164611	62	685	11248	4.237532375794679	0.00014898204523916547	0.00014899295279331262	0.014899295279331261
GOTERM_BP_DIRECT	GO:0051301~cell division	11	10.476190476190476	2.126287095158741e-05	ENSG00000111859, ENSG00000170779, ENSG00000138182, ENSG00000166582, ENSG00000105810, ENSG00000119969, ENSG00000164109, ENSG00000142856, ENSG00000102981, ENSG00000164611, ENSG00000118971	97	385	19357	5.701620029455081	0.01789040144076759	0.01805217743789771	1.8030914566946123
UP_KW_BIOLOGICAL_PROCESS	KW-0132~Cell division	11	10.476190476190476	7.294604269140347e-05	ENSG00000111859, ENSG00000170779, ENSG00000138182, ENSG00000166582, ENSG00000105810, ENSG00000119969, ENSG00000164109, ENSG00000142856, ENSG00000102981, ENSG00000164611, ENSG00000118971	62	417	11248	4.785642453778912	0.00422208662114365	0.002115435238050701	0.21154352380507008
GOTERM_BP_DIRECT	GO:0007049~cell cycle	9	8.571428571428571	0.00040043948978839744	ENSG00000111859, ENSG00000080839, ENSG00000138182, ENSG00000166582, ENSG00000119969, ENSG00000126249, ENSG00000166508, ENSG00000142856, ENSG00000156876	97	357	19357	5.0308412024603655	0.28825901177718727	0.08499328170758735	8.489317183514025
UP_KW_BIOLOGICAL_PROCESS	KW-0498~Mitosis	7	6.666666666666667	0.004637184796985522	ENSG00000111859, ENSG00000138182, ENSG00000166582, ENSG00000119969, ENSG00000164109, ENSG00000142856, ENSG00000164611	62	289	11248	4.394240428619265	0.23630154015599336	0.06723917955629007	6.723917955629006
Annotation Cluster 2	EnrichmentScore:3.326529539230218
Category	Term	Count	%	Pvalue	Genes	List Total	Pop Hits	Pop Total	Fold Enrichment	Bonferroni	Benjamini	FDR
GOTERM_CC_DIRECT	GO:0005654~nucleoplasm	35	33.33333333333333	0.00014217221537726998	ENSG00000156127, ENSG00000076604, ENSG00000100162, ENSG00000111859, ENSG00000105810, ENSG00000076248, ENSG00000197299, ENSG00000146263, ENSG00000071794, ENSG00000116922, ENSG00000198648, ENSG00000156802, ENSG00000118971, ENSG00000120875, ENSG00000122512, ENSG00000188486, ENSG00000143851, ENSG00000133316, ENSG00000213551, ENSG00000080839, ENSG00000115942, ENSG00000165392, ENSG00000119772, ENSG00000123908, ENSG00000189046, ENSG00000158050, ENSG00000170779, ENSG00000166582, ENSG00000138182, ENSG00000137054, ENSG00000123219, ENSG00000166508, ENSG00000164109, ENSG00000142856, ENSG00000123358	97	3962	20587	1.8748861607955993	0.026376184847604844	0.013364188245463378	1.2937671599331568
GOTERM_CC_DIRECT	GO:0005634~nucleus	45	42.857142857142854	0.00036646673490655843	ENSG00000156127, ENSG00000076604, ENSG00000100162, ENSG00000111859, ENSG00000105810, ENSG00000076248, ENSG00000197299, ENSG00000146263, ENSG00000071794, ENSG00000178035, ENSG00000116922, ENSG00000156802, ENSG00000092470, ENSG00000118971, ENSG00000130299, ENSG00000120875, ENSG00000122512, ENSG00000163281, ENSG00000188486, ENSG00000119969, ENSG00000127124, ENSG00000239672, ENSG00000102981, ENSG00000164611, ENSG00000162676, ENSG00000133316, ENSG00000213551, ENSG00000095794, ENSG00000171033, ENSG00000115942, ENSG00000165392, ENSG00000119772, ENSG00000123908, ENSG00000143401, ENSG00000189046, ENSG00000158050, ENSG00000170779, ENSG00000166582, ENSG00000138182, ENSG00000151835, ENSG00000123219, ENSG00000166508, ENSG00000164109, ENSG00000142856, ENSG00000123358	97	5991	20587	1.5941696049228482	0.06658779831068073	0.015305246894138265	1.4816781567729598
UP_KW_CELLULAR_COMPONENT	KW-0539~Nucleus	42	40.0	0.002011694797272901	ENSG00000156127, ENSG00000076604, ENSG00000100162, ENSG00000111859, ENSG00000105810, ENSG00000076248, ENSG00000197299, ENSG00000146263, ENSG00000071794, ENSG00000178035, ENSG00000116922, ENSG00000198648, ENSG00000156802, ENSG00000118971, ENSG00000120875, ENSG00000122512, ENSG00000188486, ENSG00000119969, ENSG00000127124, ENSG00000239672, ENSG00000164611, ENSG00000162676, ENSG00000133316, ENSG00000213551, ENSG00000080839, ENSG00000095794, ENSG00000115942, ENSG00000165392, ENSG00000119772, ENSG00000123908, ENSG00000143401, ENSG00000189046, ENSG00000158050, ENSG00000170779, ENSG00000166582, ENSG00000138182, ENSG00000137054, ENSG00000123219, ENSG00000166508, ENSG00000164109, ENSG00000142856, ENSG00000123358	87	5695	17662	1.4971874905391906	0.047180031401568456	0.02178992612253128	1.906618535721487
Annotation Cluster 3	EnrichmentScore:2.4574168358099073
Category	Term	Count	%	Pvalue	Genes	List Total	Pop Hits	Pop Total	Fold Enrichment	Bonferroni	Benjamini	FDR
UP_KW_CELLULAR_COMPONENT	KW-0995~Kinetochore	5	4.761904761904762	0.0016057405517196067	ENSG00000100162, ENSG00000166582, ENSG00000123219, ENSG00000164109, ENSG00000142856	87	103	17662	9.8549269054793	0.03783444375630285	0.02178992612253128	1.906618535721487
UP_KW_CELLULAR_COMPONENT	KW-0158~Chromosome	10	9.523809523809524	0.00272374076531641	ENSG00000100162, ENSG00000166582, ENSG00000146263, ENSG00000188486, ENSG00000123219, ENSG00000166508, ENSG00000164109, ENSG00000142856, ENSG00000165392, ENSG00000119772	87	606	17662	3.3500246576381776	0.06336251959504191	0.02178992612253128	1.906618535721487
UP_KW_CELLULAR_COMPONENT	KW-0137~Centromere	5	4.761904761904762	0.005633982873025559	ENSG00000100162, ENSG00000166582, ENSG00000123219, ENSG00000164109, ENSG00000142856	87	146	17662	6.9524484333175876	0.12680635035484844	0.027043117790522684	2.366272806670735
GOTERM_CC_DIRECT	GO:0000776~kinetochore	5	4.761904761904762	0.006007253902986375	ENSG00000100162, ENSG00000166582, ENSG00000123219, ENSG00000164109, ENSG00000142856	97	155	20587	6.846358496840704	0.6778601683010739	0.16133767625163406	15.618860147764574
Annotation Cluster 4	EnrichmentScore:2.084536348395615
Category	Term	Count	%	Pvalue	Genes	List Total	Pop Hits	Pop Total	Fold Enrichment	Bonferroni	Benjamini	FDR
UP_KW_BIOLOGICAL_PROCESS	KW-0234~DNA repair	8	7.6190476190476195	0.0027379033734975947	ENSG00000189046, ENSG00000122512, ENSG00000076248, ENSG00000146263, ENSG00000197299, ENSG00000188486, ENSG00000165392, ENSG00000164611	62	350	11248	4.146728110599078	0.14701744291325425	0.05293279855428683	5.293279855428683
UP_KW_BIOLOGICAL_PROCESS	KW-0227~DNA damage	8	7.6190476190476195	0.007197394857894498	ENSG00000189046, ENSG00000122512, ENSG00000076248, ENSG00000146263, ENSG00000197299, ENSG00000188486, ENSG00000165392, ENSG00000164611	62	418	11248	3.4721407624633427	0.3422684577975328	0.08348978035157617	8.348978035157618
GOTERM_CC_DIRECT	GO:0005657~replication fork	3	2.857142857142857	0.007516989944194566	ENSG00000197299, ENSG00000188486, ENSG00000165392	97	28	20587	22.739690721649485	0.7579309737384814	0.1766492636885723	17.101152123042638
GOTERM_CC_DIRECT	GO:0000781~chromosome, telomeric region	5	4.761904761904762	0.008787102323731854	ENSG00000197299, ENSG00000188486, ENSG00000166508, ENSG00000115942, ENSG00000165392	97	173	20587	6.1340206185567006	0.8097233236749303	0.18355280409573205	17.76947358799108
GOTERM_BP_DIRECT	GO:0006974~cellular response to DNA damage stimulus	6	5.714285714285714	0.012127807256132592	ENSG00000156127, ENSG00000197299, ENSG00000188486, ENSG00000166508, ENSG00000165392, ENSG00000092470	97	276	19357	4.338189152846257	0.9999683082716928	0.7370092466096854	73.61411556242793
GOTERM_BP_DIRECT	GO:0000724~double-strand break repair via homologous recombination	4	3.8095238095238098	0.0124544246787667	ENSG00000146263, ENSG00000197299, ENSG00000188486, ENSG00000165392	97	97	19357	8.229142310553726	0.999976065838296	0.7370092466096854	73.61411556242793
GOTERM_BP_DIRECT	GO:0031297~replication fork processing	3	2.857142857142857	0.013021364781089846	ENSG00000146263, ENSG00000197299, ENSG00000165392	97	35	19357	17.104860088365243	0.9999853012218071	0.7370092466096854	73.61411556242793
Annotation Cluster 5	EnrichmentScore:2.0358819595818165
Category	Term	Count	%	Pvalue	Genes	List Total	Pop Hits	Pop Total	Fold Enrichment	Bonferroni	Benjamini	FDR
KEGG_PATHWAY	hsa04060:Cytokine-cytokine receptor interaction	8	7.6190476190476195	0.0026956890656803277	ENSG00000049249, ENSG00000186827, ENSG00000134460, ENSG00000186891, ENSG00000232810, ENSG00000096996, ENSG00000226979, ENSG00000102245	54	295	8205	4.120527306967984	0.35595754005747193	0.2196986588529467	21.96986588529467
UP_SEQ_FEATURE	DOMAIN:TNFR-Cys	3	2.857142857142857	0.0030931424293275406	ENSG00000049249, ENSG00000186827, ENSG00000186891	96	18	20516	35.61805555555556	0.8151804184519872	0.8091419307854366	80.91419307854366
SMART	SM00208:TNFR	3	2.857142857142857	0.005399382324813296	ENSG00000049249, ENSG00000186827, ENSG00000186891	51	23	10374	26.531969309462916	0.25349773685969035	0.145783322769959	14.038394044514572
UP_SEQ_FEATURE	REPEAT:TNFR-Cys 1	3	2.857142857142857	0.00593865637273715	ENSG00000049249, ENSG00000186827, ENSG00000186891	96	25	20516	25.645	0.9610788071702729	0.8091419307854366	80.91419307854366
UP_SEQ_FEATURE	REPEAT:TNFR-Cys 2	3	2.857142857142857	0.00593865637273715	ENSG00000049249, ENSG00000186827, ENSG00000186891	96	25	20516	25.645	0.9610788071702729	0.8091419307854366	80.91419307854366
INTERPRO	IPR001368:TNFR/NGFR cysteine-rich region	3	2.857142857142857	0.006929023564512036	ENSG00000049249, ENSG00000186827, ENSG00000186891	97	25	19139	23.677113402061856	0.807545275488993	0.41054464619733816	41.054464619733814
GOTERM_CC_DIRECT	GO:0005887~integral component of plasma membrane	8	7.6190476190476195	0.5097580064634225	ENSG00000167775, ENSG00000049249, ENSG00000110848, ENSG00000186827, ENSG00000186891, ENSG00000232810, ENSG00000064651, ENSG00000102245	97	1438	20587	1.180734984156116	1.0	1.0	97.32620320855615
Annotation Cluster 6	EnrichmentScore:1.9656666635368474
Category	Term	Count	%	Pvalue	Genes	List Total	Pop Hits	Pop Total	Fold Enrichment	Bonferroni	Benjamini	FDR
UP_KW_LIGAND	KW-0067~ATP-binding	15	14.285714285714285	0.004302362833978695	ENSG00000105810, ENSG00000144381, ENSG00000197299, ENSG00000071794, ENSG00000165392, ENSG00000156802, ENSG00000198648, ENSG00000083807, ENSG00000122512, ENSG00000138182, ENSG00000100416, ENSG00000119969, ENSG00000166508, ENSG00000239672, ENSG00000070669	34	1437	6850	2.1030332801178924	0.06666054638452668	0.05604658472392314	5.604658472392314
UP_KW_LIGAND	KW-0547~Nucleotide-binding	17	16.19047619047619	0.0070058230904903925	ENSG00000105810, ENSG00000144381, ENSG00000197299, ENSG00000071794, ENSG00000165392, ENSG00000156802, ENSG00000198648, ENSG00000083807, ENSG00000130299, ENSG00000122512, ENSG00000138182, ENSG00000100416, ENSG00000119969, ENSG00000166508, ENSG00000133818, ENSG00000239672, ENSG00000070669	34	1858	6850	1.8433799784714748	0.10639163074524616	0.05604658472392314	5.604658472392314
GOTERM_MF_DIRECT	GO:0016887~ATPase activity	7	6.666666666666667	0.019700922614992157	ENSG00000122512, ENSG00000138182, ENSG00000144381, ENSG00000197299, ENSG00000166508, ENSG00000165392, ENSG00000156802	97	418	18913	3.265204952399743	0.9925146157482	0.44149371088171985	43.790433111845374
GOTERM_MF_DIRECT	GO:0005524~ATP binding	15	14.285714285714285	0.023103649166859155	ENSG00000105810, ENSG00000144381, ENSG00000197299, ENSG00000071794, ENSG00000165392, ENSG00000156802, ENSG00000198648, ENSG00000083807, ENSG00000122512, ENSG00000138182, ENSG00000100416, ENSG00000119969, ENSG00000166508, ENSG00000239672, ENSG00000070669	97	1539	18913	1.9003838347300095	0.9968177970147509	0.44149371088171985	43.790433111845374
Annotation Cluster 7	EnrichmentScore:1.8254787004143744
Category	Term	Count	%	Pvalue	Genes	List Total	Pop Hits	Pop Total	Fold Enrichment	Bonferroni	Benjamini	FDR
UP_KW_MOLECULAR_FUNCTION	KW-0347~Helicase	5	4.761904761904762	0.007514343625535573	ENSG00000197299, ENSG00000119969, ENSG00000071794, ENSG00000166508, ENSG00000165392	63	147	11735	6.335708886729294	0.24352106086252312	0.27803071414481617	27.803071414481618
GOTERM_MF_DIRECT	GO:0004386~helicase activity	4	3.8095238095238098	0.007585207327383909	ENSG00000197299, ENSG00000119969, ENSG00000071794, ENSG00000166508	97	79	18913	9.872373743964504	0.8463493629266788	0.3558653576035219	35.29721433140623
UP_SEQ_FEATURE	DOMAIN:Helicase C-terminal	4	3.8095238095238098	0.015243045373320543	ENSG00000197299, ENSG00000119969, ENSG00000071794, ENSG00000165392	96	112	20516	7.632440476190476	0.9997686146560743	1.0	100.0
GOTERM_BP_DIRECT	GO:0006281~DNA repair	6	5.714285714285714	0.015353124778007468	ENSG00000189046, ENSG00000076248, ENSG00000197299, ENSG00000071794, ENSG00000165392, ENSG00000164611	97	293	19357	4.086485345343232	0.9999980268938591	0.8146751835330213	81.37156132343958
SMART	SM00490:HELICc	4	3.8095238095238098	0.016231343455441055	ENSG00000197299, ENSG00000119969, ENSG00000071794, ENSG00000165392	51	111	10374	7.330153683094859	0.5867422523200542	0.15678323389422633	15.097644745369942
SMART	SM00487:DEXDc	4	3.8095238095238098	0.017420359321580703	ENSG00000197299, ENSG00000119969, ENSG00000071794, ENSG00000165392	51	114	10374	7.137254901960784	0.6128679705228115	0.15678323389422633	15.097644745369942
INTERPRO	IPR001650:Helicase, C-terminal	4	3.8095238095238098	0.018368967947685215	ENSG00000197299, ENSG00000119969, ENSG00000071794, ENSG00000165392	97	111	19139	7.11024426488344	0.987647861148652	0.5971570877636164	59.715708776361645
UP_SEQ_FEATURE	DOMAIN:Helicase ATP-binding	4	3.8095238095238098	0.019105602637937417	ENSG00000197299, ENSG00000119969, ENSG00000071794, ENSG00000165392	96	122	20516	7.006830601092895	0.9999728275746372	1.0	100.0
INTERPRO	IPR014001:Helicase, superfamily 1/2, ATP-binding domain	4	3.8095238095238098	0.020157201274721228	ENSG00000197299, ENSG00000119969, ENSG00000071794, ENSG00000165392	97	115	19139	6.862931420887494	0.9919819636136837	0.5971570877636164	59.715708776361645
UP_SEQ_FEATURE	MOTIF:DEAH box	3	2.857142857142857	0.020844844559054766	ENSG00000197299, ENSG00000119969, ENSG00000165392	96	48	20516	13.356770833333332	0.999989670587501	1.0	100.0
Annotation Cluster 8	EnrichmentScore:1.7788993459910931
Category	Term	Count	%	Pvalue	Genes	List Total	Pop Hits	Pop Total	Fold Enrichment	Bonferroni	Benjamini	FDR
GOTERM_CC_DIRECT	GO:0005813~centrosome	11	10.476190476190476	0.0002756586732351588	ENSG00000213123, ENSG00000138182, ENSG00000105810, ENSG00000188486, ENSG00000135541, ENSG00000115942, ENSG00000137822, ENSG00000165392, ENSG00000114446, ENSG00000102981, ENSG00000156876	97	558	20587	4.1838857480693195	0.05051065902293517	0.015305246894138265	1.4816781567729598
UP_KW_CELLULAR_COMPONENT	KW-0206~Cytoskeleton	13	12.380952380952381	0.03148473489715069	ENSG00000076604, ENSG00000111859, ENSG00000105810, ENSG00000129680, ENSG00000135541, ENSG00000137822, ENSG00000114446, ENSG00000156876, ENSG00000166582, ENSG00000138182, ENSG00000164109, ENSG00000102981, ENSG00000143851	87	1359	17662	1.9419789737213808	0.5359601431171215	0.12593893958860275	11.01965721400274
UP_KW_CELLULAR_COMPONENT	KW-0966~Cell projection	7	6.666666666666667	0.530676993012776	ENSG00000111859, ENSG00000138182, ENSG00000105810, ENSG00000135541, ENSG00000114446, ENSG00000177106, ENSG00000102981	87	1196	17662	1.1881943643562833	0.9999999869585984	1.0	91.30434782608695
Annotation Cluster 9	EnrichmentScore:1.7708980188839696
Category	Term	Count	%	Pvalue	Genes	List Total	Pop Hits	Pop Total	Fold Enrichment	Bonferroni	Benjamini	FDR
GOTERM_MF_DIRECT	GO:0051087~chaperone binding	5	4.761904761904762	0.0023085848091362235	ENSG00000213551, ENSG00000151835, ENSG00000144381, ENSG00000112208, ENSG00000064651	97	109	18913	8.944008323087107	0.43366438098419924	0.1618120334392211	16.049648845191037
UP_KW_MOLECULAR_FUNCTION	KW-0143~Chaperone	5	4.761904761904762	0.033577618219914986	ENSG00000143401, ENSG00000213551, ENSG00000151835, ENSG00000144381, ENSG00000112208	63	231	11735	4.03181474610046	0.7173960434398436	0.4141239580456182	41.41239580456182
GOTERM_BP_DIRECT	GO:0006457~protein folding	4	3.8095238095238098	0.06279285403836504	ENSG00000143401, ENSG00000151835, ENSG00000144381, ENSG00000112208	97	183	19357	4.361895104501155	1.0	1.0	100.0
Annotation Cluster 10	EnrichmentScore:1.6273129519120542
Category	Term	Count	%	Pvalue	Genes	List Total	Pop Hits	Pop Total	Fold Enrichment	Bonferroni	Benjamini	FDR
GOTERM_BP_DIRECT	GO:0032729~positive regulation of interferon-gamma production	6	5.714285714285714	4.5548806339414975e-05	ENSG00000144381, ENSG00000232810, ENSG00000096996, ENSG00000226979, ENSG00000117090, ENSG00000103257	97	79	19357	15.156205141589455	0.037933609127180024	0.019335468291081657	1.9312693887911951
KEGG_PATHWAY	hsa04940:Type I diabetes mellitus	3	2.857142857142857	0.03122873908881687	ENSG00000144381, ENSG00000232810, ENSG00000226979	54	43	8205	10.60077519379845	0.9943237276878301	1.0	100.0
GOTERM_BP_DIRECT	GO:0043065~positive regulation of apoptotic process	4	3.8095238095238098	0.2211683666327782	ENSG00000144381, ENSG00000232810, ENSG00000226979, ENSG00000123358	97	327	19357	2.4410605630694535	1.0	1.0	100.0
GOTERM_CC_DIRECT	GO:0005615~extracellular space	5	4.761904761904762	0.9839969045843807	ENSG00000213551, ENSG00000144381, ENSG00000232810, ENSG00000226979, ENSG00000102245	97	1946	20587	0.5453163242601795	1.0	1.0	98.39969045843807
Annotation Cluster 11	EnrichmentScore:1.6253249747885914
Category	Term	Count	%	Pvalue	Genes	List Total	Pop Hits	Pop Total	Fold Enrichment	Bonferroni	Benjamini	FDR
GOTERM_BP_DIRECT	GO:0006268~DNA unwinding involved in DNA replication	3	2.857142857142857	0.005270887904083756	ENSG00000197299, ENSG00000166508, ENSG00000165392	97	22	19357	27.212277413308342	0.9887436065588815	0.5593729788208885	55.87141178328782
UP_KW_MOLECULAR_FUNCTION	KW-0347~Helicase	5	4.761904761904762	0.007514343625535573	ENSG00000197299, ENSG00000119969, ENSG00000071794, ENSG00000166508, ENSG00000165392	63	147	11735	6.335708886729294	0.24352106086252312	0.27803071414481617	27.803071414481618
GOTERM_CC_DIRECT	GO:0000781~chromosome, telomeric region	5	4.761904761904762	0.008787102323731854	ENSG00000197299, ENSG00000188486, ENSG00000166508, ENSG00000115942, ENSG00000165392	97	173	20587	6.1340206185567006	0.8097233236749303	0.18355280409573205	17.76947358799108
GOTERM_BP_DIRECT	GO:0006974~cellular response to DNA damage stimulus	6	5.714285714285714	0.012127807256132592	ENSG00000156127, ENSG00000197299, ENSG00000188486, ENSG00000166508, ENSG00000165392, ENSG00000092470	97	276	19357	4.338189152846257	0.9999683082716928	0.7370092466096854	73.61411556242793
GOTERM_MF_DIRECT	GO:0016887~ATPase activity	7	6.666666666666667	0.019700922614992157	ENSG00000122512, ENSG00000138182, ENSG00000144381, ENSG00000197299, ENSG00000166508, ENSG00000165392, ENSG00000156802	97	418	18913	3.265204952399743	0.9925146157482	0.44149371088171985	43.790433111845374
GOTERM_BP_DIRECT	GO:0006260~DNA replication	4	3.8095238095238098	0.022833317817115593	ENSG00000197299, ENSG00000166508, ENSG00000115942, ENSG00000165392	97	122	19357	6.542842656751732	0.9999999969564219	0.8686330808018505	86.76099558539096
GOTERM_MF_DIRECT	GO:0003678~DNA helicase activity	3	2.857142857142857	0.03959807943883875	ENSG00000197299, ENSG00000166508, ENSG00000165392	97	62	18913	9.434486198869307	0.999951756046876	0.5307870352135097	52.64716934638064
UP_KW_BIOLOGICAL_PROCESS	KW-0235~DNA replication	3	2.857142857142857	0.0937975291522401	ENSG00000197299, ENSG00000166508, ENSG00000115942	62	95	11248	5.729032258064516	0.9966958174336197	0.7537238775772704	75.37238775772704
GOTERM_CC_DIRECT	GO:0005694~chromosome	3	2.857142857142857	0.33400373101080566	ENSG00000197299, ENSG00000166508, ENSG00000165392	97	255	20587	2.4969072164948454	1.0	1.0	97.32620320855615
Annotation Cluster 12	EnrichmentScore:1.527402086236174
Category	Term	Count	%	Pvalue	Genes	List Total	Pop Hits	Pop Total	Fold Enrichment	Bonferroni	Benjamini	FDR
KEGG_PATHWAY	hsa04110:Cell cycle	7	6.666666666666667	0.00015459813521775384	ENSG00000080839, ENSG00000105810, ENSG00000166508, ENSG00000164109, ENSG00000115942, ENSG00000164611, ENSG00000118971	54	127	8205	8.374890638670166	0.02488653864940671	0.025199496040493874	2.5199496040493874
BIOCARTA	h_cellcyclePathway:Cyclins and Cell Cycle Regulation	3	2.857142857142857	0.029978263904093735	ENSG00000080839, ENSG00000105810, ENSG00000118971	19	25	1623	10.250526315789473	0.7608177753439285	0.7044892017462028	70.44892017462028
KEGG_PATHWAY	hsa04218:Cellular senescence	4	3.8095238095238098	0.07933657937197332	ENSG00000080839, ENSG00000105810, ENSG00000133818, ENSG00000118971	54	156	8205	3.8960113960113953	0.9999985925116976	1.0	100.0
KEGG_PATHWAY	hsa05165:Human papillomavirus infection	5	4.761904761904762	0.16457482018561717	ENSG00000080839, ENSG00000105810, ENSG00000232810, ENSG00000102981, ENSG00000118971	54	331	8205	2.2952332997650218	0.9999999999998134	1.0	100.0
KEGG_PATHWAY	hsa05203:Viral carcinogenesis	3	2.857142857142857	0.3811904206531053	ENSG00000080839, ENSG00000105810, ENSG00000118971	54	204	8205	2.2344771241830066	1.0	1.0	100.0
Annotation Cluster 13	EnrichmentScore:1.523121078704317
Category	Term	Count	%	Pvalue	Genes	List Total	Pop Hits	Pop Total	Fold Enrichment	Bonferroni	Benjamini	FDR
GOTERM_CC_DIRECT	GO:0009897~external side of plasma membrane	10	9.523809523809524	0.00040705443867389003	ENSG00000049249, ENSG00000110848, ENSG00000186827, ENSG00000134460, ENSG00000186891, ENSG00000232810, ENSG00000096996, ENSG00000117090, ENSG00000102245, ENSG00000089692	97	480	20587	4.421606529209622	0.07368581930198992	0.015305246894138265	1.4816781567729598
GOTERM_MF_DIRECT	GO:0005164~tumor necrosis factor receptor binding	4	3.8095238095238098	0.0005649185602542906	ENSG00000076604, ENSG00000232810, ENSG00000226979, ENSG00000102245	97	32	18913	24.37242268041237	0.129780007162966	0.06948498291127775	6.8920064351023465
INTERPRO	IPR021184:Tumour necrosis factor, conserved site	3	2.857142857142857	0.0015903840284828765	ENSG00000232810, ENSG00000226979, ENSG00000102245	97	12	19139	49.327319587628864	0.3142355362356378	0.3769210147504417	37.69210147504417
SMART	SM00207:TNF	3	2.857142857142857	0.0026166630276171048	ENSG00000232810, ENSG00000226979, ENSG00000102245	51	16	10374	38.13970588235294	0.13193179793511578	0.14129980349132365	13.606647743608946
KEGG_PATHWAY	hsa04060:Cytokine-cytokine receptor interaction	8	7.6190476190476195	0.0026956890656803277	ENSG00000049249, ENSG00000186827, ENSG00000134460, ENSG00000186891, ENSG00000232810, ENSG00000096996, ENSG00000226979, ENSG00000102245	54	295	8205	4.120527306967984	0.35595754005747193	0.2196986588529467	21.96986588529467
UP_SEQ_FEATURE	DOMAIN:TNF family profile	3	2.857142857142857	0.0027577516958753596	ENSG00000232810, ENSG00000226979, ENSG00000102245	96	17	20516	37.71323529411765	0.777994008284948	0.8091419307854366	80.91419307854366
INTERPRO	IPR006052:Tumour necrosis factor	3	2.857142857142857	0.0036152850152490435	ENSG00000232810, ENSG00000226979, ENSG00000102245	97	18	19139	32.88487972508591	0.5761497714047832	0.41054464619733816	41.054464619733814
KEGG_PATHWAY	hsa05166:Human T-cell leukemia virus 1 infection	6	5.714285714285714	0.013858493753273212	ENSG00000134460, ENSG00000232810, ENSG00000226979, ENSG00000164109, ENSG00000164611, ENSG00000118971	54	222	8205	4.106606606606606	0.8971756752453519	0.7529781605945113	75.29781605945112
GOTERM_BP_DIRECT	GO:0007166~cell surface receptor signaling pathway	6	5.714285714285714	0.022358606647123403	ENSG00000134460, ENSG00000232810, ENSG00000174842, ENSG00000226979, ENSG00000102245, ENSG00000089692	97	323	19357	3.7069356228655326	0.9999999954031055	0.8686330808018505	86.76099558539096
KEGG_PATHWAY	hsa04064:NF-kappa B signaling pathway	4	3.8095238095238098	0.029331701639636214	ENSG00000198286, ENSG00000232810, ENSG00000226979, ENSG00000102245	54	104	8205	5.844017094017094	0.9921918545765064	1.0	100.0
INTERPRO	IPR008983:Tumour necrosis factor-like domain	3	2.857142857142857	0.0321771792085775	ENSG00000232810, ENSG00000226979, ENSG00000102245	97	56	19139	10.570139911634756	0.9995698514849232	0.6354992893694057	63.54992893694057
KEGG_PATHWAY	hsa04061:Viral protein interaction with cytokine and cytokine receptor	3	2.857142857142857	0.13610224784931446	ENSG00000134460, ENSG00000232810, ENSG00000226979	54	100	8205	4.558333333333333	0.9999999999560092	1.0	100.0
GOTERM_BP_DIRECT	GO:0006954~inflammatory response	5	4.761904761904762	0.15024433232649176	ENSG00000186827, ENSG00000134460, ENSG00000232810, ENSG00000198648, ENSG00000102245	97	414	19357	2.410105084914587	1.0	1.0	100.0
GOTERM_BP_DIRECT	GO:0006955~immune response	5	4.761904761904762	0.23313612137029738	ENSG00000186827, ENSG00000134460, ENSG00000232810, ENSG00000226979, ENSG00000102245	97	497	19357	2.007612686427845	1.0	1.0	100.0
GOTERM_MF_DIRECT	GO:0005125~cytokine activity	3	2.857142857142857	0.25480071951258176	ENSG00000232810, ENSG00000226979, ENSG00000102245	97	192	18913	3.0465528350515463	1.0	1.0	99.59183673469387
UP_KW_MOLECULAR_FUNCTION	KW-0202~Cytokine	3	2.857142857142857	0.27743071434302735	ENSG00000232810, ENSG00000226979, ENSG00000102245	63	196	11735	2.8510689990281826	0.9999939946076067	0.8944013866733211	89.44013866733212
GOTERM_CC_DIRECT	GO:0009986~cell surface	5	4.761904761904762	0.34598467828789203	ENSG00000186827, ENSG00000144381, ENSG00000232810, ENSG00000117090, ENSG00000102245	97	637	20587	1.6659114081794493	1.0	1.0	97.32620320855615
KEGG_PATHWAY	hsa05417:Lipid and atherosclerosis	3	2.857142857142857	0.40648562632751983	ENSG00000144381, ENSG00000232810, ENSG00000102245	54	215	8205	2.1201550387596897	1.0	1.0	100.0
UP_KW_CELLULAR_COMPONENT	KW-0964~Secreted	6	5.714285714285714	0.9829984793497334	ENSG00000186891, ENSG00000232810, ENSG00000226979, ENSG00000117090, ENSG00000102245, ENSG00000089692	87	2133	17662	0.5710590555636387	1.0	1.0	98.29984793497334
GOTERM_CC_DIRECT	GO:0005615~extracellular space	5	4.761904761904762	0.9839969045843807	ENSG00000213551, ENSG00000144381, ENSG00000232810, ENSG00000226979, ENSG00000102245	97	1946	20587	0.5453163242601795	1.0	1.0	98.39969045843807
Annotation Cluster 14	EnrichmentScore:1.3504079430353886
Category	Term	Count	%	Pvalue	Genes	List Total	Pop Hits	Pop Total	Fold Enrichment	Bonferroni	Benjamini	FDR
UP_KW_DOMAIN	KW-0729~SH3-binding	3	2.857142857142857	0.02380185116685426	ENSG00000027869, ENSG00000033170, ENSG00000164611	56	63	14500	12.329931972789115	0.3518378956842131	0.3220624099600021	32.20624099600021
UP_SEQ_FEATURE	MOTIF:SH3-binding	3	2.857142857142857	0.027789192811703275	ENSG00000027869, ENSG00000033170, ENSG00000164611	96	56	20516	11.448660714285715	0.9999997864782052	1.0	100.0
GOTERM_MF_DIRECT	GO:0017124~SH3 domain binding	3	2.857142857142857	0.13436603556169063	ENSG00000027869, ENSG00000033170, ENSG00000164611	97	126	18913	4.642366224840452	0.9999999999999997	0.9721777867110558	96.42739022662504
Annotation Cluster 15	EnrichmentScore:1.1579870809995696
Category	Term	Count	%	Pvalue	Genes	List Total	Pop Hits	Pop Total	Fold Enrichment	Bonferroni	Benjamini	FDR
SMART	SM00404:PTPc_motif	3	2.857142857142857	0.036893414663084545	ENSG00000120875, ENSG00000158050, ENSG00000143851	51	63	10374	9.686274509803921	0.8686545509296524	0.2846063416866522	27.406536606862808
INTERPRO	IPR003595:Protein-tyrosine phosphatase, catalytic	3	2.857142857142857	0.03990019075186944	ENSG00000120875, ENSG00000158050, ENSG00000143851	97	63	19139	9.395679921453118	0.9999355856145977	0.7274111698610043	72.74111698610042
KEGG_PATHWAY	hsa04010:MAPK signaling pathway	6	5.714285714285714	0.04037100742798931	ENSG00000120875, ENSG00000158050, ENSG00000232810, ENSG00000133818, ENSG00000123358, ENSG00000143851	54	294	8205	3.1009070294784578	0.9987898261499885	1.0	100.0
UP_SEQ_FEATURE	DOMAIN:Tyrosine-protein phosphatase	3	2.857142857142857	0.050774658650521394	ENSG00000120875, ENSG00000158050, ENSG00000143851	96	78	20516	8.219551282051281	0.9999999999995363	1.0	100.0
INTERPRO	IPR016130:Protein-tyrosine phosphatase, active site	3	2.857142857142857	0.057163695426383665	ENSG00000120875, ENSG00000158050, ENSG00000143851	97	77	19139	7.687374481188914	0.999999126219424	0.903186387736862	90.3186387736862
UP_SEQ_FEATURE	ACT_SITE:Phosphocysteine intermediate	3	2.857142857142857	0.06536949989981693	ENSG00000120875, ENSG00000158050, ENSG00000143851	96	90	20516	7.123611111111111	0.9999999999999999	1.0	100.0
INTERPRO	IPR000387:Protein-tyrosine/Dual specificity phosphatase	3	2.857142857142857	0.0750772774511361	ENSG00000120875, ENSG00000158050, ENSG00000143851	97	90	19139	6.576975945017183	0.9999999907318856	1.0	100.0
GOTERM_MF_DIRECT	GO:0004725~protein tyrosine phosphatase activity	3	2.857142857142857	0.10437295440767767	ENSG00000120875, ENSG00000158050, ENSG00000143851	97	108	18913	5.416093928980527	0.9999999999983278	0.8282498962673777	82.1516157273334
GOTERM_BP_DIRECT	GO:0006470~protein dephosphorylation	3	2.857142857142857	0.17061675737327847	ENSG00000120875, ENSG00000158050, ENSG00000143851	97	150	19357	3.991134020618557	1.0	1.0	100.0
UP_KW_MOLECULAR_FUNCTION	KW-0904~Protein phosphatase	3	2.857142857142857	0.1745320261527439	ENSG00000120875, ENSG00000158050, ENSG00000143851	63	143	11735	3.9077589077589074	0.9991722323511677	0.8863309104096454	88.63309104096454
Annotation Cluster 16	EnrichmentScore:1.0673486825962075
Category	Term	Count	%	Pvalue	Genes	List Total	Pop Hits	Pop Total	Fold Enrichment	Bonferroni	Benjamini	FDR
UP_KW_PTM	KW-0832~Ubl conjugation	23	21.904761904761905	0.0481445363421031	ENSG00000102471, ENSG00000076604, ENSG00000111859, ENSG00000095794, ENSG00000144381, ENSG00000197299, ENSG00000071794, ENSG00000178035, ENSG00000165392, ENSG00000156802, ENSG00000119772, ENSG00000123908, ENSG00000118971, ENSG00000156876, ENSG00000143401, ENSG00000188486, ENSG00000166508, ENSG00000142856, ENSG00000103257, ENSG00000168209, ENSG00000239672, ENSG00000164611, ENSG00000162676	85	2594	14104	1.4712322554310853	0.47347003469985594	0.22467450292981447	22.467450292981447
UP_SEQ_FEATURE	CROSSLNK:Glycyl lysine isopeptide (Lys-Gly) (interchain with G-Cter in SUMO2)	11	10.476190476190476	0.06821357107504925	ENSG00000143401, ENSG00000144381, ENSG00000197299, ENSG00000188486, ENSG00000071794, ENSG00000178035, ENSG00000166508, ENSG00000142856, ENSG00000165392, ENSG00000156802, ENSG00000119772	96	1267	20516	1.8553998947645356	1.0	1.0	100.0
UP_KW_PTM	KW-1017~Isopeptide bond	15	14.285714285714285	0.19122125210277613	ENSG00000076604, ENSG00000198286, ENSG00000144381, ENSG00000197299, ENSG00000071794, ENSG00000178035, ENSG00000165392, ENSG00000156802, ENSG00000119772, ENSG00000143401, ENSG00000188486, ENSG00000166508, ENSG00000142856, ENSG00000103257, ENSG00000239672	85	1823	14104	1.3652996031105804	0.9366441821787339	0.6692743823597165	66.92743823597165
Annotation Cluster 17	EnrichmentScore:1.041473221616949
Category	Term	Count	%	Pvalue	Genes	List Total	Pop Hits	Pop Total	Fold Enrichment	Bonferroni	Benjamini	FDR
GOTERM_MF_DIRECT	GO:0003677~DNA binding	13	12.380952380952381	0.03572164850876644	ENSG00000095794, ENSG00000197299, ENSG00000071794, ENSG00000178035, ENSG00000165392, ENSG00000114446, ENSG00000119772, ENSG00000092470, ENSG00000122512, ENSG00000188486, ENSG00000137054, ENSG00000166508, ENSG00000123358	97	1325	18913	1.9130052518965182	0.9998700445428964	0.5307870352135097	52.64716934638064
UP_SEQ_FEATURE	CROSSLNK:Glycyl lysine isopeptide (Lys-Gly) (interchain with G-Cter in SUMO2)	11	10.476190476190476	0.06821357107504925	ENSG00000143401, ENSG00000144381, ENSG00000197299, ENSG00000188486, ENSG00000071794, ENSG00000178035, ENSG00000166508, ENSG00000142856, ENSG00000165392, ENSG00000156802, ENSG00000119772	96	1267	20516	1.8553998947645356	1.0	1.0	100.0
UP_KW_MOLECULAR_FUNCTION	KW-0238~DNA-binding	14	13.333333333333334	0.3081612707204259	ENSG00000156127, ENSG00000095794, ENSG00000197299, ENSG00000146263, ENSG00000071794, ENSG00000178035, ENSG00000165392, ENSG00000114446, ENSG00000119772, ENSG00000122512, ENSG00000188486, ENSG00000166508, ENSG00000123358, ENSG00000162676	63	2096	11735	1.2441687871077183	0.9999987972366127	0.8944013866733211	89.44013866733212
Annotation Cluster 18	EnrichmentScore:1.0254051804873792
Category	Term	Count	%	Pvalue	Genes	List Total	Pop Hits	Pop Total	Fold Enrichment	Bonferroni	Benjamini	FDR
KEGG_PATHWAY	hsa04064:NF-kappa B signaling pathway	4	3.8095238095238098	0.029331701639636214	ENSG00000198286, ENSG00000232810, ENSG00000226979, ENSG00000102245	54	104	8205	5.844017094017094	0.9921918545765064	1.0	100.0
KEGG_PATHWAY	hsa04660:T cell receptor signaling pathway	3	2.857142857142857	0.14494932538601452	ENSG00000198286, ENSG00000232810, ENSG00000102245	54	104	8205	4.38301282051282	0.9999999999917838	1.0	100.0
GOTERM_BP_DIRECT	GO:0051092~positive regulation of NF-kappaB transcription factor activity	3	2.857142857142857	0.19734721474945605	ENSG00000198286, ENSG00000232810, ENSG00000102245	97	165	19357	3.628303655107779	1.0	1.0	100.0
Annotation Cluster 19	EnrichmentScore:0.944008975309326
Category	Term	Count	%	Pvalue	Genes	List Total	Pop Hits	Pop Total	Fold Enrichment	Bonferroni	Benjamini	FDR
UP_KW_DOMAIN	KW-0728~SH3 domain	4	3.8095238095238098	0.05367706832666702	ENSG00000111859, ENSG00000033170, ENSG00000135541, ENSG00000177106	56	225	14500	4.603174603174603	0.6295679492997134	0.3220624099600021	32.20624099600021
SMART	SM00326:SH3	4	3.8095238095238098	0.07843513622831452	ENSG00000111859, ENSG00000033170, ENSG00000135541, ENSG00000177106	51	208	10374	3.9117647058823533	0.987854957423002	0.5294371695411231	50.982838548404445
UP_SEQ_FEATURE	DOMAIN:SH3	4	3.8095238095238098	0.07892973757265981	ENSG00000111859, ENSG00000033170, ENSG00000135541, ENSG00000177106	96	216	20516	3.9575617283950617	1.0	1.0	100.0
INTERPRO	IPR001452:Src homology-3 domain	4	3.8095238095238098	0.10804004634019229	ENSG00000111859, ENSG00000033170, ENSG00000135541, ENSG00000177106	97	229	19139	3.4464502768648986	0.9999999999982945	1.0	100.0
UP_KW_CELLULAR_COMPONENT	KW-0966~Cell projection	7	6.666666666666667	0.530676993012776	ENSG00000111859, ENSG00000138182, ENSG00000105810, ENSG00000135541, ENSG00000114446, ENSG00000177106, ENSG00000102981	87	1196	17662	1.1881943643562833	0.9999999869585984	1.0	91.30434782608695
Annotation Cluster 20	EnrichmentScore:0.7587682688146423
Category	Term	Count	%	Pvalue	Genes	List Total	Pop Hits	Pop Total	Fold Enrichment	Bonferroni	Benjamini	FDR
KEGG_PATHWAY	hsa05162:Measles	4	3.8095238095238098	0.06036221087209242	ENSG00000105810, ENSG00000134460, ENSG00000117090, ENSG00000118971	54	139	8205	4.372501998401279	0.999960865722664	1.0	100.0
KEGG_PATHWAY	hsa04151:PI3K-Akt signaling pathway	5	4.761904761904762	0.19418325950695872	ENSG00000105810, ENSG00000134460, ENSG00000123358, ENSG00000168209, ENSG00000118971	54	354	8205	2.1461079723791587	0.9999999999999994	1.0	100.0
KEGG_PATHWAY	hsa05200:Pathways in cancer	5	4.761904761904762	0.45156291572663704	ENSG00000076604, ENSG00000105810, ENSG00000134460, ENSG00000096996, ENSG00000118971	54	531	8205	1.4307386482527724	1.0	1.0	100.0
Annotation Cluster 21	EnrichmentScore:0.5731328161982405
Category	Term	Count	%	Pvalue	Genes	List Total	Pop Hits	Pop Total	Fold Enrichment	Bonferroni	Benjamini	FDR
UP_KW_CELLULAR_COMPONENT	KW-0496~Mitochondrion	11	10.476190476190476	0.1103454790461546	ENSG00000116771, ENSG00000096092, ENSG00000228716, ENSG00000100416, ENSG00000076248, ENSG00000144381, ENSG00000083720, ENSG00000123358, ENSG00000164466, ENSG00000168209, ENSG00000130299	87	1327	17662	1.6828383095566009	0.9395615439872183	0.3783273567296729	33.10364371384638
UP_KW_DOMAIN	KW-0809~Transit peptide	4	3.8095238095238098	0.3648784118789002	ENSG00000116771, ENSG00000144381, ENSG00000083720, ENSG00000130299	56	567	14500	1.8266565885613504	0.9997172362399652	1.0	100.0
UP_SEQ_FEATURE	TRANSIT:Mitochondrion	4	3.8095238095238098	0.47391323561260834	ENSG00000116771, ENSG00000144381, ENSG00000083720, ENSG00000130299	96	553	20516	1.5458107293550332	1.0	1.0	100.0
Annotation Cluster 22	EnrichmentScore:0.4773078635406373
Category	Term	Count	%	Pvalue	Genes	List Total	Pop Hits	Pop Total	Fold Enrichment	Bonferroni	Benjamini	FDR
GOTERM_BP_DIRECT	GO:0060271~cilium assembly	3	2.857142857142857	0.31260216960611653	ENSG00000213123, ENSG00000135541, ENSG00000114446	97	228	19357	2.625746066196419	1.0	1.0	100.0
GOTERM_CC_DIRECT	GO:0005929~cilium	3	2.857142857142857	0.3151913062241685	ENSG00000213123, ENSG00000135541, ENSG00000114446	97	244	20587	2.609472705763056	1.0	1.0	97.32620320855615
UP_KW_DISEASE	KW-1186~Ciliopathy	3	2.857142857142857	0.375413764072723	ENSG00000213123, ENSG00000135541, ENSG00000114446	37	165	4570	2.2457002457002457	0.9999183703023091	1.0	100.0
Annotation Cluster 23	EnrichmentScore:0.43404419292844626
Category	Term	Count	%	Pvalue	Genes	List Total	Pop Hits	Pop Total	Fold Enrichment	Bonferroni	Benjamini	FDR
UP_KW_DOMAIN	KW-0853~WD repeat	3	2.857142857142857	0.29153125984377526	ENSG00000133316, ENSG00000135541, ENSG00000092470	56	283	14500	2.744825845532559	0.9979780404343196	1.0	100.0
UP_SEQ_FEATURE	REPEAT:WD 6	3	2.857142857142857	0.3326603939915265	ENSG00000133316, ENSG00000135541, ENSG00000092470	96	256	20516	2.50439453125	1.0	1.0	100.0
UP_SEQ_FEATURE	REPEAT:WD 5	3	2.857142857142857	0.3444833391088765	ENSG00000133316, ENSG00000135541, ENSG00000092470	96	263	20516	2.4377376425855513	1.0	1.0	100.0
UP_SEQ_FEATURE	REPEAT:WD 4	3	2.857142857142857	0.3495307658776817	ENSG00000133316, ENSG00000135541, ENSG00000092470	96	266	20516	2.4102443609022557	1.0	1.0	100.0
UP_SEQ_FEATURE	REPEAT:WD 3	3	2.857142857142857	0.3528887262172605	ENSG00000133316, ENSG00000135541, ENSG00000092470	96	268	20516	2.392257462686567	1.0	1.0	100.0
UP_SEQ_FEATURE	REPEAT:WD 1	3	2.857142857142857	0.36626073838474404	ENSG00000133316, ENSG00000135541, ENSG00000092470	96	276	20516	2.3229166666666665	1.0	1.0	100.0
UP_SEQ_FEATURE	REPEAT:WD 2	3	2.857142857142857	0.36626073838474404	ENSG00000133316, ENSG00000135541, ENSG00000092470	96	276	20516	2.3229166666666665	1.0	1.0	100.0
SMART	SM00320:WD40	3	2.857142857142857	0.3822206508005024	ENSG00000133316, ENSG00000135541, ENSG00000092470	51	274	10374	2.22713610991842	0.9999999999949301	1.0	98.11320754716981
INTERPRO	IPR001680:WD40 repeat	3	2.857142857142857	0.40230148695957824	ENSG00000133316, ENSG00000135541, ENSG00000092470	97	275	19139	2.152464854732896	1.0	1.0	100.0
INTERPRO	IPR015943:WD40/YVTN repeat-like-containing domain	3	2.857142857142857	0.5371974101523311	ENSG00000133316, ENSG00000135541, ENSG00000092470	97	357	19139	1.6580611626093738	1.0	1.0	100.0
Annotation Cluster 24	EnrichmentScore:0.41414251221764203
Category	Term	Count	%	Pvalue	Genes	List Total	Pop Hits	Pop Total	Fold Enrichment	Bonferroni	Benjamini	FDR
GOTERM_CC_DIRECT	GO:0009897~external side of plasma membrane	10	9.523809523809524	0.00040705443867389003	ENSG00000049249, ENSG00000110848, ENSG00000186827, ENSG00000134460, ENSG00000186891, ENSG00000232810, ENSG00000096996, ENSG00000117090, ENSG00000102245, ENSG00000089692	97	480	20587	4.421606529209622	0.07368581930198992	0.015305246894138265	1.4816781567729598
KEGG_PATHWAY	hsa04060:Cytokine-cytokine receptor interaction	8	7.6190476190476195	0.0026956890656803277	ENSG00000049249, ENSG00000186827, ENSG00000134460, ENSG00000186891, ENSG00000232810, ENSG00000096996, ENSG00000226979, ENSG00000102245	54	295	8205	4.120527306967984	0.35595754005747193	0.2196986588529467	21.96986588529467
GOTERM_CC_DIRECT	GO:0005887~integral component of plasma membrane	8	7.6190476190476195	0.5097580064634225	ENSG00000167775, ENSG00000049249, ENSG00000110848, ENSG00000186827, ENSG00000186891, ENSG00000232810, ENSG00000064651, ENSG00000102245	97	1438	20587	1.180734984156116	1.0	1.0	97.32620320855615
UP_SEQ_FEATURE	TOPO_DOM:Extracellular	14	13.333333333333334	0.6113751383499291	ENSG00000102471, ENSG00000110848, ENSG00000049249, ENSG00000186827, ENSG00000096996, ENSG00000064651, ENSG00000167775, ENSG00000134460, ENSG00000186891, ENSG00000232810, ENSG00000117090, ENSG00000103257, ENSG00000102245, ENSG00000089692	96	2931	20516	1.020783577846014	1.0	1.0	100.0
GOTERM_CC_DIRECT	GO:0005886~plasma membrane	24	22.857142857142858	0.7056504710627246	ENSG00000076604, ENSG00000213551, ENSG00000198286, ENSG00000111859, ENSG00000110848, ENSG00000049249, ENSG00000186827, ENSG00000144381, ENSG00000096996, ENSG00000064651, ENSG00000177106, ENSG00000167775, ENSG00000122512, ENSG00000170779, ENSG00000134460, ENSG00000186891, ENSG00000232810, ENSG00000226979, ENSG00000133818, ENSG00000103257, ENSG00000102245, ENSG00000102981, ENSG00000143333, ENSG00000089692	97	5334	20587	0.9549476418540467	1.0	1.0	97.32620320855615
UP_KW_MOLECULAR_FUNCTION	KW-0675~Receptor	9	8.571428571428571	0.760385346513974	ENSG00000076604, ENSG00000049249, ENSG00000186827, ENSG00000134460, ENSG00000186891, ENSG00000096996, ENSG00000123358, ENSG00000117090, ENSG00000143851	63	1810	11735	0.9262036306235201	1.0	1.0	100.0
UP_SEQ_FEATURE	TOPO_DOM:Cytoplasmic	16	15.238095238095239	0.8000147116424873	ENSG00000102471, ENSG00000110848, ENSG00000049249, ENSG00000186827, ENSG00000096996, ENSG00000064651, ENSG00000033170, ENSG00000083807, ENSG00000167775, ENSG00000134460, ENSG00000186891, ENSG00000232810, ENSG00000117090, ENSG00000103257, ENSG00000102245, ENSG00000089692	96	3826	20516	0.8937097055236104	1.0	1.0	100.0
UP_KW_DOMAIN	KW-1133~Transmembrane helix	20	19.047619047619047	0.8420524505709005	ENSG00000102471, ENSG00000110848, ENSG00000049249, ENSG00000186827, ENSG00000096996, ENSG00000133935, ENSG00000064651, ENSG00000033170, ENSG00000083807, ENSG00000167775, ENSG00000134291, ENSG00000096092, ENSG00000134460, ENSG00000186891, ENSG00000232810, ENSG00000164466, ENSG00000117090, ENSG00000103257, ENSG00000102245, ENSG00000089692	56	5837	14500	0.8871974350816222	0.9999999999999962	1.0	100.0
UP_KW_DOMAIN	KW-0812~Transmembrane	20	19.047619047619047	0.8573069315454593	ENSG00000102471, ENSG00000110848, ENSG00000049249, ENSG00000186827, ENSG00000096996, ENSG00000133935, ENSG00000064651, ENSG00000033170, ENSG00000083807, ENSG00000167775, ENSG00000134291, ENSG00000096092, ENSG00000134460, ENSG00000186891, ENSG00000232810, ENSG00000164466, ENSG00000117090, ENSG00000103257, ENSG00000102245, ENSG00000089692	56	5900	14500	0.87772397094431	0.9999999999999994	1.0	100.0
UP_SEQ_FEATURE	TRANSMEM:Helical	20	19.047619047619047	0.9353835312854395	ENSG00000102471, ENSG00000110848, ENSG00000049249, ENSG00000186827, ENSG00000096996, ENSG00000133935, ENSG00000064651, ENSG00000033170, ENSG00000083807, ENSG00000167775, ENSG00000134291, ENSG00000096092, ENSG00000134460, ENSG00000186891, ENSG00000232810, ENSG00000164466, ENSG00000117090, ENSG00000103257, ENSG00000102245, ENSG00000089692	96	5371	20516	0.7957860112952275	1.0	1.0	100.0
UP_KW_CELLULAR_COMPONENT	KW-1003~Cell membrane	14	13.333333333333334	0.9601024647506674	ENSG00000076604, ENSG00000213551, ENSG00000111859, ENSG00000064651, ENSG00000083807, ENSG00000167775, ENSG00000186891, ENSG00000232810, ENSG00000133818, ENSG00000117090, ENSG00000103257, ENSG00000102245, ENSG00000102981, ENSG00000089692	87	3904	17662	0.7280125306199359	1.0	1.0	96.01024647506674
UP_KW_PTM	KW-1015~Disulfide bond	16	15.238095238095239	0.9816489323940655	ENSG00000198286, ENSG00000110848, ENSG00000049249, ENSG00000186827, ENSG00000096996, ENSG00000064651, ENSG00000033170, ENSG00000167775, ENSG00000100416, ENSG00000134460, ENSG00000186891, ENSG00000232810, ENSG00000117090, ENSG00000103257, ENSG00000102245, ENSG00000089692	85	3808	14104	0.6971824023727138	1.0	1.0	100.0
UP_KW_DOMAIN	KW-0732~Signal	11	10.476190476190476	0.9845167275361297	ENSG00000167775, ENSG00000049249, ENSG00000186827, ENSG00000134460, ENSG00000186891, ENSG00000083720, ENSG00000096996, ENSG00000226979, ENSG00000119640, ENSG00000117090, ENSG00000089692	56	4357	14500	0.6537099577035312	1.0	1.0	100.0
GOTERM_CC_DIRECT	GO:0016021~integral component of membrane	16	15.238095238095239	0.9953846408366547	ENSG00000102471, ENSG00000110848, ENSG00000049249, ENSG00000133935, ENSG00000064651, ENSG00000033170, ENSG00000083807, ENSG00000134291, ENSG00000096092, ENSG00000134460, ENSG00000232810, ENSG00000164466, ENSG00000117090, ENSG00000103257, ENSG00000102245, ENSG00000089692	97	5395	20587	0.6294335151868378	1.0	1.0	99.53846408366547
UP_KW_CELLULAR_COMPONENT	KW-0472~Membrane	29	27.61904761904762	0.9970422544637487	ENSG00000076604, ENSG00000198286, ENSG00000111859, ENSG00000110848, ENSG00000049249, ENSG00000096996, ENSG00000118971, ENSG00000134291, ENSG00000096092, ENSG00000133818, ENSG00000103257, ENSG00000117090, ENSG00000102245, ENSG00000102981, ENSG00000143333, ENSG00000102471, ENSG00000213551, ENSG00000186827, ENSG00000133935, ENSG00000064651, ENSG00000033170, ENSG00000083807, ENSG00000167775, ENSG00000134460, ENSG00000186891, ENSG00000232810, ENSG00000226979, ENSG00000164466, ENSG00000089692	87	8224	17662	0.7158722438391698	1.0	1.0	99.70422544637488
UP_SEQ_FEATURE	CARBOHYD:N-linked (GlcNAc...) asparagine	11	10.476190476190476	0.998201415790713	ENSG00000167775, ENSG00000134291, ENSG00000049249, ENSG00000110848, ENSG00000186827, ENSG00000134460, ENSG00000186891, ENSG00000096996, ENSG00000226979, ENSG00000117090, ENSG00000089692	96	4376	20516	0.5372010207190737	1.0	1.0	100.0
UP_KW_PTM	KW-0325~Glycoprotein	14	13.333333333333334	0.9999471816717994	ENSG00000110848, ENSG00000049249, ENSG00000186827, ENSG00000096996, ENSG00000167775, ENSG00000134291, ENSG00000134460, ENSG00000186891, ENSG00000232810, ENSG00000166508, ENSG00000226979, ENSG00000117090, ENSG00000102245, ENSG00000089692	85	4733	14104	0.4908116975926225	1.0	1.0	100.0
Annotation Cluster 25	EnrichmentScore:0.3166766101377155
Category	Term	Count	%	Pvalue	Genes	List Total	Pop Hits	Pop Total	Fold Enrichment	Bonferroni	Benjamini	FDR
GOTERM_CC_DIRECT	GO:0016363~nuclear matrix	4	3.8095238095238098	0.021615285686661042	ENSG00000197299, ENSG00000071794, ENSG00000119772, ENSG00000162676	97	127	20587	6.6846334929783255	0.9835632526886144	0.33863947575768966	32.78318329143591
GOTERM_MF_DIRECT	GO:0008270~zinc ion binding	4	3.8095238095238098	0.8241169913629731	ENSG00000076604, ENSG00000197299, ENSG00000071794, ENSG00000123358	97	870	18913	0.8964569261760872	1.0	1.0	99.59183673469387
UP_KW_DOMAIN	KW-0863~Zinc-finger	6	5.714285714285714	0.842800542532236	ENSG00000076604, ENSG00000071794, ENSG00000123358, ENSG00000119772, ENSG00000127124, ENSG00000162676	56	1837	14500	0.8457111750524924	0.9999999999999966	1.0	100.0
UP_KW_LIGAND	KW-0479~Metal-binding	17	16.19047619047619	0.9017670305567733	ENSG00000076604, ENSG00000197299, ENSG00000071794, ENSG00000178035, ENSG00000165392, ENSG00000119772, ENSG00000123908, ENSG00000189046, ENSG00000167775, ENSG00000116771, ENSG00000166582, ENSG00000180817, ENSG00000123358, ENSG00000127124, ENSG00000239672, ENSG00000079739, ENSG00000162676	34	3978	6850	0.8609854198089492	0.9999999999999999	1.0	100.0
UP_KW_LIGAND	KW-0862~Zinc	9	8.571428571428571	0.9580430687921072	ENSG00000076604, ENSG00000166582, ENSG00000197299, ENSG00000071794, ENSG00000165392, ENSG00000123358, ENSG00000119772, ENSG00000127124, ENSG00000162676	34	2525	6850	0.7181129877693652	1.0	1.0	100.0
GOTERM_MF_DIRECT	GO:0046872~metal ion binding	9	8.571428571428571	0.9704793483798403	ENSG00000076604, ENSG00000116771, ENSG00000166582, ENSG00000071794, ENSG00000178035, ENSG00000119772, ENSG00000127124, ENSG00000123908, ENSG00000162676	97	2677	18913	0.6555152906199817	1.0	1.0	99.59183673469387
Annotation Cluster 26	EnrichmentScore:0.22709375757193623
Category	Term	Count	%	Pvalue	Genes	List Total	Pop Hits	Pop Total	Fold Enrichment	Bonferroni	Benjamini	FDR
GOTERM_BP_DIRECT	GO:0045944~positive regulation of transcription from RNA polymerase II promoter	8	7.6190476190476195	0.388822653440014	ENSG00000156127, ENSG00000095794, ENSG00000071794, ENSG00000232810, ENSG00000135541, ENSG00000123358, ENSG00000156802, ENSG00000123908	97	1204	19357	1.3259581463849026	1.0	1.0	100.0
UP_KW_MOLECULAR_FUNCTION	KW-0010~Activator	5	4.761904761904762	0.5194519696612147	ENSG00000156127, ENSG00000095794, ENSG00000071794, ENSG00000142856, ENSG00000156802	63	708	11735	1.315464980719218	0.999999999998324	1.0	100.0
UP_KW_BIOLOGICAL_PROCESS	KW-0804~Transcription	13	12.380952380952381	0.7093170086409724	ENSG00000156127, ENSG00000080839, ENSG00000095794, ENSG00000071794, ENSG00000114446, ENSG00000156802, ENSG00000123908, ENSG00000137054, ENSG00000119969, ENSG00000142856, ENSG00000123358, ENSG00000127124, ENSG00000162676	62	2460	11248	0.9587201678468398	1.0	1.0	100.0
GOTERM_BP_DIRECT	GO:0006357~regulation of transcription from RNA polymerase II promoter	7	6.666666666666667	0.8619610445505834	ENSG00000156127, ENSG00000080839, ENSG00000095794, ENSG00000232810, ENSG00000123358, ENSG00000127124, ENSG00000162676	97	1711	19357	0.8164213367717679	1.0	1.0	100.0
Annotation Cluster 27	EnrichmentScore:0.20109511054799012
Category	Term	Count	%	Pvalue	Genes	List Total	Pop Hits	Pop Total	Fold Enrichment	Bonferroni	Benjamini	FDR
UP_KW_BIOLOGICAL_PROCESS	KW-0221~Differentiation	6	5.714285714285714	0.4022985772495723	ENSG00000027869, ENSG00000156127, ENSG00000095794, ENSG00000105810, ENSG00000135541, ENSG00000239672	62	766	11248	1.4210393329402846	0.9999999999998913	1.0	100.0
UP_KW_MOLECULAR_FUNCTION	KW-9996~Developmental protein	5	4.761904761904762	0.787196375580694	ENSG00000027869, ENSG00000076604, ENSG00000095794, ENSG00000119969, ENSG00000135541	63	1002	11735	0.9294902258974114	1.0	1.0	100.0
UP_KW_MOLECULAR_FUNCTION	KW-0217~Developmental protein	5	4.761904761904762	0.787196375580694	ENSG00000027869, ENSG00000076604, ENSG00000095794, ENSG00000119969, ENSG00000135541	63	1002	11735	0.9294902258974114	1.0	1.0	100.0
Annotation Cluster 28	EnrichmentScore:0.1798471963032576
Category	Term	Count	%	Pvalue	Genes	List Total	Pop Hits	Pop Total	Fold Enrichment	Bonferroni	Benjamini	FDR
GOTERM_CC_DIRECT	GO:0005667~transcription factor complex	3	2.857142857142857	0.2928215497445083	ENSG00000080839, ENSG00000095794, ENSG00000123358	97	231	20587	2.7563261480787253	1.0	1.0	97.32620320855615
GOTERM_MF_DIRECT	GO:1990837~sequence-specific double-stranded DNA binding	4	3.8095238095238098	0.5428734223600928	ENSG00000156127, ENSG00000095794, ENSG00000123358, ENSG00000162676	97	559	18913	1.3952012983420319	1.0	1.0	99.59183673469387
GOTERM_CC_DIRECT	GO:0000785~chromatin	6	5.714285714285714	0.5491264155453062	ENSG00000156127, ENSG00000080839, ENSG00000095794, ENSG00000166508, ENSG00000123358, ENSG00000118971	97	1054	20587	1.2081809112071833	1.0	1.0	97.32620320855615
GOTERM_MF_DIRECT	GO:0000978~RNA polymerase II core promoter proximal region sequence-specific DNA binding	6	5.714285714285714	0.7471232499679168	ENSG00000156127, ENSG00000095794, ENSG00000123358, ENSG00000119772, ENSG00000127124, ENSG00000162676	97	1216	18913	0.9620693163320674	1.0	1.0	99.59183673469387
GOTERM_MF_DIRECT	GO:0003700~transcription factor activity, sequence-specific DNA binding	3	2.857142857142857	0.7796974066873466	ENSG00000156127, ENSG00000095794, ENSG00000162676	97	558	18913	1.0482762443188118	1.0	1.0	99.59183673469387
GOTERM_BP_DIRECT	GO:0006357~regulation of transcription from RNA polymerase II promoter	7	6.666666666666667	0.8619610445505834	ENSG00000156127, ENSG00000080839, ENSG00000095794, ENSG00000232810, ENSG00000123358, ENSG00000127124, ENSG00000162676	97	1711	19357	0.8164213367717679	1.0	1.0	100.0
UP_KW_BIOLOGICAL_PROCESS	KW-0805~Transcription regulation	11	10.476190476190476	0.8633564805145837	ENSG00000156127, ENSG00000080839, ENSG00000095794, ENSG00000119969, ENSG00000142856, ENSG00000114446, ENSG00000123358, ENSG00000156802, ENSG00000127124, ENSG00000123908, ENSG00000162676	62	2391	11248	0.8346352585637	1.0	1.0	100.0
GOTERM_MF_DIRECT	GO:0000981~RNA polymerase II transcription factor activity, sequence-specific DNA binding	4	3.8095238095238098	0.9621711823925607	ENSG00000156127, ENSG00000095794, ENSG00000123358, ENSG00000127124	97	1281	18913	0.608834914733174	1.0	1.0	99.59183673469387
